customer_id,loyalty_score
1,0.04716981132075472
2,0.03773584905660377
3,0.07075471698113207
4,0.02358490566037736
5,0.05660377358490566
6,0.0660377358490566
7,0.0330188679245283
8,0.04245283018867924
9,0.05188679245283019
10,0.06132075471698113
11,0.07547169811320754
12,0.02830188679245283
13,0.03773584905660377
14,0.0660377358490566
15,0.04716981132075472
16,0.02358490566037736
17,0.08018867924528301
18,0.05660377358490566
19,0.04245283018867924
20,0.05188679245283019
