customer_id,overall_loyalty
1,0.04895074632827792
2,0.040689649050389916
3,0.061928824738241385
4,0.030856224728476763
5,0.053242189407153924
6,0.06050352192380928
7,0.03949958500330666
8,0.04020363688011256
9,0.05334593858048939
10,0.05443225345423719
11,0.06952914519558105
12,0.033575340763327605
13,0.04427704025246002
14,0.06203257391157685
15,0.05215587453340612
16,0.035590404921372554
17,0.07148373523654811
18,0.054918265624514545
19,0.04661389329036897
20,0.04617115617634918
